Column1,Column2,Column3,Column4,Column5,Column6
0.7606085834652518,1.3725054829094536,3.8945776792437568,4.680058018352485,2.5114422201050663,-4.231381229987235
-0.72874236971556,0.5575385996612032,-1.116663760897,0.8802709157146783,4.062601864621107,0.2146099212703774
1.0221248640552658,3.3799018489865436,1.5100498448394652,4.9311459890899245,3.99988893329766,-0.016729734364266835
1.5581777378325339,4.967000238333522,2.4686057964995918,5.154307100599377,6.475703932506864,-4.102218138568634
-0.7261267438624558,3.129028710485001,4.387644307057657,2.8794933366204214,3.9833379419344714,2.9498087664859236
-1.630765812737408,4.494862172696402,3.066095559655773,4.999388369541944,2.2738840326148098,3.9527030580744325
3.0177553000196813,5.848591894823647,8.155283538243905,1.8350878611514125,4.448486779797817,-2.8265246314286894
0.9772528578629507,0.6338422289962151,3.1819139503894975,4.099912976729261,3.3574597799654686,-10.373737035982042
1.7042639875332866,3.5722929481569206,3.8838612034530744,6.494549367239605,4.374725380628801,0.5010807096447882
1.4828816641268445,3.1604288448151414,8.782226417608113,4.03303840332607,4.500280543232582,-8.907750205149114
0.08790203194858015,3.274970089784185,6.992799954209663,4.705541296767052,6.0675211776855615,2.8623238121618417
-0.9009340821872238,6.052662336129068,5.615030193772319,5.606623498021483,2.1106792746360905,1.9226412771784527
-0.8533832922908826,3.6023085847708662,2.098476317306421,0.9515413885808208,5.829128717110631,2.2235746918424137
-2.131011229146245,3.4259891059243524,9.000367511508081,3.342141572350296,4.4288907305255885,-2.0312882568403845
-2.8492104267188636,5.421155094561238,5.2689261649489385,0.2783680050080968,1.6790336822337946,-4.054909589108616
0.08790285148978172,4.482081199798973,9.241936369473573,2.8433248726945908,4.346778591374532,-1.9378559994792506
0.6198213773627066,3.6700376217819097,7.295302986503729,4.182054107990719,4.811717435642576,-3.7590511032952265
0.05333506647814368,2.834438377414061,6.577458889594962,2.3241152273214913,2.0392678505115263,0.9593352562691291
0.036466896869986054,4.10339384391585,2.2446880463650967,4.09167576903669,5.067743859225004,0.19458883253114706
-2.101532771552148,3.5004866409352444,6.083832820334122,1.4614934007340905,5.2856567653796525,-2.3549931134150004
1.1631819307142028,4.858432183933647,1.1262000871891409,1.7406122298654807,6.8999570109484285,-2.602274404834886
-1.0407402850519787,5.752220475639933,6.726303903767616,3.962328121049364,1.6676145709753791,6.298664548719546
-2.0656048303825867,0.7689527996935498,3.487164440220192,3.2684906737136443,3.351643781847945,0.7767143716665589
-1.4612815361320675,5.086879110062247,3.6575244134851106,0.9579718529341239,1.3330274289604467,-7.898392180470792
-0.41593098692743,0.3094359016358533,4.441421499490925,3.0681986855763723,1.312964585929826,-4.710700539467625
1.1767835884715034,0.647295068471771,6.135049348369174,4.972437054112499,3.995166968494357,0.48642076062034834
-0.3555553247530151,4.954576469314478,3.6354508534649765,5.470007799801463,0.9625252953650009,-5.098608557269882
1.1846509173846673,6.551224330854007,5.538443822749184,0.7017771135406329,3.177971924091212,-2.0128004690688854
-1.574674913036682,4.267019938420759,9.49179633158808,2.202682271412244,1.7714064253837591,0.48143088143688895
0.16780355627741528,4.910402898784754,1.7020551540159257,2.027957250324623,3.420674834736977,-12.381712276245068
0.9808873532521952,3.1927207639535142,7.175559113323537,5.81448622335153,-0.08687631080822578,-2.1823276789074812
2.232146035218019,0.8588580735375149,7.238354093861965,4.9851418399533,7.976507611647292,-2.7102920106788977
1.8150963883270634,1.2267974384247862,4.818224724117067,2.41658760351718,2.3720005314170622,-4.2438180617114
0.961255182163963,1.5670589384342914,2.173341423713554,5.174147927141112,-0.3078670154750931,-2.067835481153124
0.5540766418115436,8.204886759989629,7.879176301434426,2.8223841410106885,4.411094827360529,1.1855315517138119
-1.917783395051594,1.4614268371578891,7.847800019642333,5.264403897526654,1.006477947440175,-2.825604853387915
-0.5525985704141947,-0.46586743795924757,4.6840412735543495,3.1312324322623213,3.8935078761795654,-2.7582998838570267
-3.4758059439829956,4.293617619262923,7.103130706069741,3.1619340987431177,3.235968202893365,0.4174102291272046
-1.8465889483139524,4.567945878420584,0.6619955670633052,2.90970324126095,3.6160552327501048,-1.9741152480125976
1.40452668562537,2.059970774915487,4.538977975701099,2.864725664357213,2.2183328693270505,-0.924272181181256
-1.4655709952558296,2.718233071234195,4.112515711588114,5.308406455688944,3.257341253748707,-5.435119162989058
-0.8660851195237759,2.6558724800277282,9.983152210919858,3.869558379207051,3.028235176690377,-4.845061307493585
-0.24277972404023812,3.383338381302794,2.3436906087697333,4.6743152938236445,2.928555165546754,-6.644753380057083
-1.178288896210989,2.9412677661585636,4.207305717813922,4.271650253125446,3.20506421389378,-1.798958226232774
-2.0058079346076476,4.16827775658375,6.746100986869324,2.1741025577377933,3.292150645877733,-1.7096990841390398
-1.2321738828170123,2.2955555600586646,6.374964030753092,4.41665429317716,5.991385280057117,-6.702317931941593
-0.7181789910215364,1.3845657755657463,0.09217950963648716,4.244105277882372,2.027909378153038,1.6234189022734509
0.32766753010917704,0.5669115120878735,4.683441647737488,3.034091364679983,3.1896254198530394,2.464628923168223
-0.4675949242870867,1.7261726249245442,4.594245269347044,3.4831527611246194,5.595216320892852,-4.840055070005723
-0.8287304094415027,2.5653764743215675,1.0687324202837356,5.318786969584727,1.1835099270254823,-8.959761980649148
1.3737381472551402,2.237168510501406,6.891023907704651,1.9163671155338124,5.847532191421214,-4.205617747049003
-1.765625625663726,6.913801432112137,5.033963256499023,2.8152695606233884,3.7661995902056127,0.4742587508508491
-3.4365193995788426,3.9330502260777105,7.347042008742189,2.311022056631655,3.055019765723544,-0.04064450108729051
1.6750511384117988,1.6004322375707989,5.213381399904994,6.355826979656659,0.5749430334379998,-3.5566074842785333
-0.19780089605618656,3.8474265430949606,8.063179227556516,1.013215268828619,1.3179446360540263,3.6426297172881528
1.1440249575759385,1.7840752958710608,10.310384702169971,1.3746907833947806,-0.31992199512831776,1.4659391654427636
-2.404889396250856,3.041973811626282,2.3955083912199515,0.8230571603046828,1.5492796594701557,-5.492837591634345
0.9885426094084573,3.5022263429713645,7.951190411894632,0.6807001198036824,5.286399228788922,-5.463991143903971
2.8749313267050915,5.071373702155294,4.368483603336996,2.194578181615909,2.9165325116819703,-4.515285517459847
1.1583520363276958,2.6537621907208946,8.820489537258489,6.041022204852064,5.332747196350226,-3.8887298742046568
-0.5732768863048067,3.510414055080365,8.953024147145236,2.961268940588994,5.121340748129283,1.1566761627504984
-0.507798551853881,7.079582757284868,-0.207563725290266,3.302069458954095,4.005989552523799,-1.5249804154661977
-0.3245356626931165,2.9941206805949334,5.42240553878994,2.267238223202348,3.5472863699643074,0.9116282791650769
-0.6285198731460852,5.529331214550258,8.857774606995163,1.356312363589716,-2.114116360576663,0.38273557541915176
1.8160242759470626,4.2565596471550515,8.826468170964983,4.1030656275453605,2.978817295392112,3.286925087177086
0.7283235059727403,1.8410874188599968,4.447678326422656,2.0165414814627862,2.1093055044530464,-6.3067796284401165
0.2681075848243111,2.834388086777957,0.13357938855144558,2.5909281601154577,1.464305258983513,-0.39109768361229325
0.4610648311858281,3.214472695799145,6.645615474169737,0.9261867994087677,1.3811407105768545,-6.44019413993737
-0.6960796230224201,3.6620776646897673,1.9949816687923538,3.5328990940882847,5.63808746615929,-5.704969895377671
-0.6861351756085878,1.939942715216338,0.8374738718701005,2.6516780775004105,-0.4224064071113057,-5.177635258455811
-0.5611171248686682,3.398192888829742,1.1069904129785026,4.771966462460601,5.8667668744836385,0.4954994103105108
2.7117635642085576,4.667033595170706,1.0927399532388775,3.8963452424485454,4.584483101608595,-3.0081950027880953
-0.8977464171257745,5.679745379675686,3.916189150013164,4.142974164867499,2.2546930988280027,-1.4358645659423424
1.928189596501366,4.046026336578542,8.81334120524555,-0.8046098592578779,0.3060460454748595,-3.0518901811131527
-3.223167402849467,6.346536918109464,8.591108613538543,3.890551103142397,2.7209743983074066,0.4236222352864871
1.098965254812736,2.4403559695273693,7.396848201813328,1.086790299597845,-0.13162560591219155,-5.216794023599174
-0.43694950521718523,5.214963583969646,2.146060291612307,2.14240519381897,5.299997036517218,4.787465628806462
-1.556218625323405,1.5108462405263794,4.07647460823127,4.0562857022299905,5.291881864757805,1.487956206540673
0.5755335174873475,8.476359293235285,3.641390680542458,0.6126505210202852,-0.8631270727731435,1.5986309242113808
-2.2229845365141148,3.2638385756923523,6.175941158460988,6.282741415774268,2.1337241444605857,-5.569866245389431
0.0663130528849474,0.6046394648799152,0.7053652102284509,3.7393956193721705,3.2488436900025,0.7491846008192001
-0.07173036411869121,2.137374755387997,-0.7511260569264455,1.9060208234265683,1.4072055950372966,-3.8640305254040554
0.14995753097306408,-1.7212495422519734,3.8283301419327094,3.9356494346905952,-1.5345481203854556,-6.24160951527632
0.564908378782609,2.5767968821096447,9.142015412255232,4.726085981013553,2.1192264071237377,-0.8538987152196833
-0.07173584745209938,0.3157257878173789,-0.28998617582521335,5.64691351919233,6.554263455224907,-5.94637484937559
-1.0687180191377803,3.2293419158536345,2.2005360685246105,2.9985896406556485,1.7936226317711366,-5.130625173300848
0.985181331200872,4.6648260795531,0.13325723386127772,4.225360877420748,0.8203336530970027,-3.6996370812807173
1.3707705928226215,7.988053417730612,4.25077995698979,6.008719593462768,-0.2750989532278014,4.81514090635836
-0.9867985396294358,5.327343495291789,0.7752793962954228,3.210286903306838,2.9495207686015688,-4.9269428660708945
0.21138292792280433,1.5071473854654547,1.6046662737472042,1.5088747332482362,4.237347439697626,-6.614087282841795
0.34071004935541405,-0.3894304270403244,5.759326213580252,0.9458382780081258,1.1402197255656565,0.7496025539219463
0.5095539269783032,3.2262886317737296,-0.2937966501407942,6.170942293194172,0.07444798349066273,-6.822946103245167
0.15503890310967006,-0.10973981879606476,3.1445945032964846,3.128828719456851,2.933330261340198,-0.009791402246518865
-0.4965629269052061,5.965183748407093,5.491475063681941,7.072677270583254,-0.5649999000717313,2.255628529365745
-1.1761440281261315,5.418433209756189,5.172015699015853,2.819718779586369,2.022787189393502,-2.6376946426104713
-0.854876118258124,1.7197609596193055,5.940687378882258,0.05813119899077046,-1.7339986979901594,3.5752806845470926
-0.8460103723667707,-0.25414768584631187,0.7130611809266041,3.20501230612559,3.680768204677316,-1.2637020803369587
2.2759338333041033,6.9103720493784895,6.960138506479746,0.22891898748465,3.5542841252789135,-4.47768545890993
1.5876098202226634,2.364458088265403,-1.2057621284555387,6.407118558986401,5.841670020131216,-1.909741636272602
0.27890834354586835,4.0927656466926985,5.818993861340386,3.203682495198291,3.3361906698526744,-3.194719382054519
-0.9860397202305122,-0.8905629157136091,1.7255599728909803,3.0539238642797026,4.267121470535205,-1.1024212360554235
-0.038203904946060574,2.384838424065726,7.2203815827880335,1.9093002382879256,5.044869700753588,-2.8106522099160367
-0.8318093024456765,3.688431184389039,1.795076208225891,1.3769162708832126,3.400207231595248,-1.4875746425487688
-0.5049676235407766,3.500046384545718,-0.06787777207297674,2.3835636419219974,3.483534944288592,0.29181424008762447
-1.0844183221238575,3.400606362929529,7.641815530241691,2.127447183882099,0.5295176469718714,-10.45995165312505
0.9078692752547195,4.059336794818012,0.8861469003988667,5.089935107684597,1.8763374051303907,-1.682825959873366
2.7540328442418254,2.9169252892441353,1.7373731352608242,2.5708141681927543,1.3123163980880919,-6.158262894009923
-0.20350828815149555,3.53342816606332,1.141132731531251,3.473226237115615,2.3440123296976725,-3.5216700434296406
-0.33755140343195505,0.7171037932159203,3.6341349934888685,4.553909782722433,7.0163021361708715,-2.004198603199326
-1.286922940414077,5.829536298081064,-1.1433673241373592,5.241600895269832,3.1737659732253496,-0.3061473715301122
-0.4608159817333506,3.6562431460420575,0.817098342884782,3.841064390679676,-0.28211770555105087,-3.090246327563999
-0.5421779092914283,-0.2833853731326692,3.034899425646411,1.153313250344823,-0.6036798384341654,-1.4595336833822858
-0.13850882607559672,0.4555427683616492,-2.4350636897728237,2.686692139397071,1.573267328194501,0.4580969610445081
2.763397697481012,3.8171731714604737,1.1440930476074784,5.496902016877376,2.951383842383042,1.3796182424700423
0.08984667810881208,2.96915879263757,4.600848207149638,-0.11587547475086035,-1.3873713922228872,-1.9359258061976203
1.0481074380146822,3.0601254675111003,2.2998509517707464,4.932813002909237,2.502230885800234,-1.3289952599104824
-0.414041689543572,6.658521530042549,3.486127690087316,5.474432408757252,1.7518597798336966,-0.44056328492509444
-2.307345976090445,4.043589049524937,1.2478959581079205,3.115073231538081,2.1832477205860297,-3.723082240438233
-0.1708424944572955,4.701683767630179,7.05392042530578,2.9636623931121027,2.9245447523440595,-3.1127822391430406
0.17267779984392762,1.5966669638521145,8.923355617319087,2.747441412298686,2.708687816576006,-7.894932236383912
-0.1608185276315771,7.828313279077708,6.306409854985213,3.285988185144123,1.832987616959453,-2.936005520279841
-1.2130041601024972,7.44093784112836,3.8424790445672112,2.786580826606229,2.5603638883406346,-7.463150519531685
2.710373121696082,3.387065089122963,6.667162199475752,3.36848240516042,0.9402344717311475,1.3452367319067684
-1.7791292686759699,5.152211132026577,10.349739529550625,1.382114350512966,2.7952519156805558,-0.17705775286398184
0.20920623246571357,3.323683655698224,1.8192395102044396,0.4979650274823364,4.505391862171176,-1.992384347099239
2.1740568495541903,8.175032703124428,-0.9483472594272715,2.6526117660894224,-0.315384107972842,-2.8707963414593456
-1.3961613163427544,1.5499405218239666,0.4205451092281198,3.8591795872418273,1.5423371007392688,-1.1938634123066283
-0.6336889653209659,4.198216278407711,5.697044462015683,2.668943411254864,1.5345588188880135,-6.650701724365498
0.6405205875689877,4.947399736215808,6.580053248448142,3.6412641530811047,3.6246676152111164,-1.101622553107006
0.38127540064711474,-0.36788149477267473,2.011076457551078,3.440120292282567,2.644917461313509,-0.9515821532844504
-0.547450231327109,1.7030912368264306,4.510849883238404,5.102717842064481,0.583332638403097,-4.451044204606268
2.1254151955370473,-0.8888362322147486,8.014918982455157,1.9223000710907208,3.7723542005028774,-4.773628948590601
-0.49294426755366694,3.319699484558382,0.006479484220716646,3.2903749333768637,2.871500904899994,-0.7055454640089756
2.708071331984491,4.586482199485132,9.352841174693273,3.317259827184822,1.8398769048969612,-1.2844029456355777
-1.6959060422934462,5.892360212721675,5.794851771002132,1.2918388344760172,3.0632311959236342,-3.9692928597011776
3.6412193074421246,3.789439954167939,1.5295911074685788,5.868296475130496,5.464253726024152,-2.009562207671133
-1.1636293465558274,6.860517124816381,7.0270540406889515,5.8641831966082325,-0.6713727333394722,-6.570537784395075
-0.604080446968711,0.07016296447506215,6.101860706379853,-0.04026604172600812,4.490534626913636,-1.6944162524404822
0.6936446699467963,-1.1559718364245686,6.3372151985082645,5.145650723808326,3.7407216682828657,0.2602255854468429
-1.4494850275926863,3.230633516947197,4.503695269044716,3.592708893642187,1.275835306398316,-1.939223992857255
0.31330033133063256,3.846479566841208,6.773124465486211,4.975944997893057,4.974777973153795,4.867740696845263
0.7271147517939888,2.3797387910410563,3.5653549102098054,3.257420212300962,1.1954026363317785,-0.1923133683728654
-0.7775210614898556,-1.97728468261655,2.676310059997579,4.314032007370452,1.0637155024718343,-1.4730097774649427
-0.3682011760888755,3.2322357648688795,1.862645826093856,3.8724286709019955,0.6755136702765121,-5.776821317953106
0.9154931925013151,0.941156056017988,1.0090652960473283,3.816512755797989,2.8091298510575435,-2.629174921741809
2.3095464913010746,3.9793129830052165,6.814570532346926,4.390653737196902,0.37492362839139126,-4.551216066236577
-1.5940530806858217,3.1532594562807708,-0.4315179977233141,2.895646107974446,3.9997528567870075,-8.580329306341255
-0.5260731951050989,0.28998523830809897,2.597274887556583,2.9854093484599447,2.3686945389328855,-2.2650248096537204
1.0811008545200824,2.354521104471532,6.326376858966597,1.4195350939831743,2.972269577954134,-2.8517155830819876
2.549871555452936,0.07759588258136019,6.766632711236466,0.06567295346467872,3.9204578246569954,-4.595863840346699
-0.2543377144990735,5.115776374474387,4.237572047484117,2.621693956390393,1.604513000659931,-2.7164434721428714
1.1415198263027597,4.500003205031479,1.8391295402784862,2.691924892535271,4.333114442476135,0.46006217351269296
-2.306035813355044,-1.3966663705436884,4.164743787464385,1.599269513998125,2.939195406363358,-2.3259587709659058
-0.2636047135758094,3.9779213644065536,4.959481649964208,6.140882745327603,0.459653554647217,-2.335125199101911
0.6464653108955892,1.8664512834363158,4.700925715437103,1.4913272828955026,4.483291536929967,-0.9136071575768097
0.6788085510634133,2.5259729029995004,6.855153365482023,2.3647401961914762,0.4362636408972981,-2.902550049150471
0.6398411461605538,3.0740655168185884,1.2638390042488923,1.3174076189562125,4.67243588525975,-0.9698926901223889
1.259923561652898,0.0956801717214496,5.6396253534196,6.159402718354693,4.898489772632567,-6.053399572175668
-1.2545269536856076,1.6063095158088594,9.47337250402596,4.175785527650486,4.964283060213214,-6.167692510143736
-0.8649740447584828,0.9316639864732909,7.335655897144562,3.1371013238377645,1.086697982346197,1.0115414691062072
-0.7930948242785314,4.764736015522368,-0.027289939639700764,5.260162545427165,2.4926724342204336,-6.420928920837662
2.496245836720664,4.409148838333908,5.732743885576974,1.6105291675738016,4.653595452949769,-2.6434191432025336
0.03817291909578713,0.769379098210164,4.388170257667991,6.729247468590501,2.0885355465273414,-3.5732791020684993
-0.930620033721894,4.845003642416061,2.0387270203696115,0.7381973891764253,2.191394039402291,-3.155813326696302
-0.02326285539524442,3.167809041744929,0.6622905760822009,3.5583421565446685,2.6136823228831343,-4.5509028159619165
-0.055802004973517505,3.1876549373275282,3.2393308003974814,-0.1552740011816951,3.187903451653965,1.055881195066903
2.2542303035191233,5.377756836088122,-0.34676240876376396,2.928808519142143,5.796311027540652,3.099299432441065
1.6252685071625648,5.088147472787108,1.3744806464084456,5.12592060332219,1.4974818057705805,-0.1221049961350873
1.1561776215124562,2.611883921096396,-0.7971427244065673,1.0030187429951207,8.02711994926405,-1.2936219514441245
0.3553178835740969,1.6839470782492587,4.036874804186346,2.885891964293111,1.8340237451903751,-6.043268154443898
-1.2522523431099712,2.8220652871688072,3.3905939061992365,1.3715195677996754,-0.6775526207425537,-5.709388383938934
-1.3184097455716708,-2.1913401444429126,11.453903345943571,1.1967376128022482,2.508098430940205,-4.125995402185005
-0.9731005162286062,-0.373793223985072,1.7427499617869242,1.4880072926674615,-2.549261287549827,-4.64985796287653
-0.5897292193767603,7.698443582857958,3.364798809742335,-0.06419506668829555,2.1431296380250817,-6.260637385962549
0.6298981938378622,5.481741841952146,7.871747818693924,1.8409280397132708,5.127288054617113,-0.5758870491857723
0.8073979338210582,2.656245047523524,6.489255916999444,0.8671384428675792,3.253892721134928,1.9750570511473495
-0.6106035430512996,4.266582962827009,3.2856898002671993,5.620780658729818,3.656156241379809,-3.7336850741308516
-0.09522884496596196,3.311745837306273,2.933278891173784,2.312883084561004,6.745952611267188,-0.061626880747212676
-0.15847806541574427,9.672162553480913,3.8833700675996057,1.2944305409820243,1.7303891134173979,1.1954206598099313
2.2506169875282858,5.828871915610536,4.276912270364138,1.482376158325038,4.8700812591376375,-2.3776851145661837
0.43036965218291223,1.8183456338908877,7.598941149875614,4.3805094047622894,2.9869486710844897,-4.798648510482063
-0.5524957277182008,1.1902758303457,2.8706633761924687,6.23440343199491,3.447685701517479,-3.323281146479636
-3.572695359448976,-1.295259979287502,4.114621509199989,2.25419883422719,1.0666403806714642,2.098312766229328
-1.0508021884659393,4.195475890051747,1.1241004222838913,2.6762777234003354,3.367433152322514,-1.43027106198828
2.0729802914793374,1.6637858197940187,4.374533454691305,5.404750703089901,-0.05595421775510384,0.7420921663453119
0.20738998739247427,0.23782246752173894,9.95527547623745,2.6481560043045906,0.8313964794583,-0.24478533596932794
-2.044195477823984,2.36588558038735,6.007653492600396,1.1826068140705703,2.387729747258513,-4.64709987224713
-1.5227690921731254,0.5613937023028092,4.993869796897606,6.303435168587223,1.592209775898227,-5.814142851388081
1.6376736505730283,7.288305229363334,1.9486709577214858,4.488155442904448,5.5970978926744115,-1.618631995373974
-2.2178446849557045,3.814834641142765,8.441485257906113,-1.263441016972008,2.449559688142945,1.154837629545641
0.7125002928301356,4.395931236261292,7.777954772792755,3.9629753597418196,1.510196109968187,1.5798251138002324
0.9775167926606775,5.408977095225198,8.523799790617032,4.95891351752638,3.87577274874897,-6.077538568717442
-0.2708732933687671,1.458557547599649,2.1553327481906175,2.90080599054125,1.9011141539749261,-2.5072263684373084
-0.47029330794889534,0.9488966888807409,0.02243787452731305,1.947045789035827,3.051088273847208,1.7566414853143861
-2.2111757495051063,5.604279957285106,0.555482662997727,2.236999668687148,1.171370338308667,-6.018302478579843
-1.055815240127766,3.7417461012192805,1.4303465988479278,4.054721185362308,4.984661149430937,1.4994449465617443
-1.3762084483406938,1.15715570683107,8.142055811594,4.441200504588212,1.0528839424617933,3.589430210815224
-1.1891792923240803,3.717165004721056,6.49911855869792,3.8576500047012896,2.7844451201784226,7.077497799280656
-0.5225690700579717,1.0570575793333488,1.6212185469390477,2.961612150971167,1.8096687267085436,-2.0579017045463144
-0.2892572521477952,-0.457217031747573,7.837120422540559,3.644371393454602,3.28956496722643,-1.3354862788248276
0.48992408168426427,3.725808282779486,6.7013241370487435,3.4727399595966455,1.187550771909557,0.4067365013675924
1.8914015618778235,6.350650489631216,8.066981807818733,1.7859029070017494,2.197354502792112,0.22920391445173294
1.2784265275270215,-1.6849599868886351,5.722387928328167,2.0127914883769997,1.7827258821811254,1.419699059143116
2.0462628835294296,3.4008053798647806,4.105467310863611,4.88528373674273,4.127967373138316,1.1085984692354676
-1.4417396680855887,2.9427687576185324,4.424462013132635,1.1513257503194403,1.9824499565823022,-2.992110073843712
-1.5281005232749054,1.2023900278921849,9.697623370732439,3.8859802563424077,3.428599375067324,0.14071382840443958
1.995603322750548,2.4439280123225666,9.646297369403573,2.1031148712929753,4.709756825348942,-3.523752515474417
-0.195564337023858,0.045536370831878115,-0.11766992701199386,0.4698049171063592,-0.4790338587339033,-0.8930210653338204
0.8588925094303472,4.8681391552002085,7.699632416644247,2.27312511069482,2.156732162850078,1.5875689769
4.621628853879194,3.1757065002426343,3.986283900633732,2.8072751286171997,6.772656590344879,-5.615107485585005
1.4123832151640237,4.131935208119554,5.728048862429841,4.946287069286507,3.9545988431296255,-3.0217248064053788
-0.02987703003942066,4.890776382745248,0.6771755362533913,1.0080651712918027,3.358717878871976,0.7642858177579132
2.005952169321468,2.8778968811948427,4.260889064682097,2.423620274435649,2.7475864351544894,-0.35625077036225805
-0.32756399480147214,1.9533897900663604,9.297127352119404,1.0577480632849987,1.7850481865504146,-4.795303114560479
0.49543441070964805,3.108391215594869,0.18006906799657907,4.893292609891613,3.433842988050852,-1.5212780831284638
1.2941426915423664,4.69050090474996,8.582448124654832,2.4604098004493644,2.527651619660655,-5.321487315491558
0.04580544724232671,2.4494569136637,6.965341461722085,4.798450865040972,3.7398114228713304,0.42649573924102635
-1.4418221278390364,1.8338528656372957,1.5397802589919571,4.225763962130132,3.5232597802331878,-1.8965683441659995
0.10256619490528812,2.726805016424988,-0.9577082488897382,2.13478213549925,-0.32170189818760675,3.4725263742333174
1.1674678157944942,4.105244425788118,4.649961566153887,2.4943638792563005,2.0032999445517357,-1.4069015406263132
2.508054349835249,-0.04091564576405371,9.059480530173339,4.916836662530583,2.8186341321874817,-2.456071708617423
-2.685881872196325,4.653001264477241,5.512466516190387,5.893855964066641,2.4240314462998054,-2.453689710108483
1.6060078047025037,1.8248871161145246,8.925872893569956,1.296671096216662,5.593507115891384,-3.711055758976492
-1.498796243088882,4.776926873343628,5.757850774176069,3.6246985273749712,3.424393032587477,-3.1186431017685994
-2.1463761296171295,0.7666245528547698,3.753690244633193,4.83230090594752,1.7246056329202837,6.971355452968541
0.19276113465070577,-0.6524679960523215,9.697776901011213,3.593262486882698,2.9684895320465747,-2.7669944485089086
-0.462014512131511,0.5940005746845455,3.592876004940372,4.478234960168925,-0.4371718816874304,-2.1482131049053494
0.4280735097103503,4.86896106975948,3.6281268391445933,4.217947622392425,2.800218881794897,-3.56297768312809
0.6148793770462461,5.645880592416173,9.595609823010948,2.933513381424653,3.66364936837523,2.337506627747284
2.0065662799913517,1.6243434325189143,6.634195266577176,2.1413890819775334,2.127920000253598,-6.784439328574105
-0.4980063540332702,5.117194744300355,5.521852912198338,0.8947862515783032,6.085755234068483,-1.4409399560801088
1.130053381361174,1.6585390402772713,-0.13141361126360884,4.534100236877182,-0.6305960225737872,-4.5156486956954724
-1.0952075687820768,2.1970043659718725,7.729379420472063,4.817576454723406,2.5912478540491986,-1.3181621436896775
-0.6447972492130459,1.2076674531876699,4.892589517114352,3.4451270694470892,0.9520371859890394,-3.4830115253069756
2.595576790974922,2.4646707338818277,4.17252564594701,4.914267250550855,1.3854157502791806,-9.048645366286348
-0.44098003499110894,4.542658778709573,8.945191365082522,3.8611579950004735,2.065395819662456,0.1691287132963386
-1.8152304970157374,0.14203188889587293,-0.47417915657964504,2.2379716357633805,0.7183299003918966,0.5967788131800755
1.873093500573772,1.2914831277398324,10.325964674285233,4.378147709771106,5.27132928039938,-2.255725132596706
-0.10301668020776122,5.033967829533587,2.323091526030746,3.4207642000338563,-0.08200972355395653,-6.179546559825123
1.7699785414603446,2.223943923275338,9.092540615493622,1.8303561269425144,3.045267441750245,-6.869285005106243
-3.2449276618649634,5.794248177864091,0.6063905626514063,1.5607487989262447,1.1421555766624634,-1.9555869392057477
1.4432324076860252,1.258130066497035,6.469798926277289,1.0466883951899046,0.5215928468157559,-0.5468949270346071
0.3188649312282876,3.908195125720282,0.5976526463532497,2.3028988866952975,4.551354648085927,-5.286670866431502
0.09706888010007919,6.299598686071941,1.4141843407422652,1.7933339157625388,3.9390776817958733,-3.209241763389609
-1.3749342588657063,-1.642244523980127,4.853386443329082,4.746849434071804,-0.2032315240093078,-2.709800597909431
-1.819523394121846,3.151225919046835,2.6111711466914262,2.4789740274516494,-1.9785123881823237,4.3205257721579935
0.5729967505911863,4.3198031979296125,2.9993297112397537,3.833129764589021,3.522829423776911,-0.1828700740334402
-0.9887249553475048,2.210825814361451,8.762923009114422,1.312807327500869,2.0014414641533285,-6.539556190232949
1.0268234282550275,4.191900776814448,5.054666578768764,2.63213815148423,-0.8505539516849886,-1.9272522244923471
0.23692664527259047,1.990514945906891,7.43608195512725,3.6186311819708843,2.953818794093997,-6.633631247731618
-0.14286829975890414,1.6021862192711276,6.260491080691423,2.471746991589492,0.4975537676556909,-0.04843105888283161
1.0493203478359967,2.672993467593672,-0.05289600541600437,3.1637310219632964,2.214163178873121,3.1035961708590007
0.7124624274791662,5.234825877913609,6.382862291621448,1.4985809059717916,2.564679709058047,4.540024844984916
1.497446090292229,2.96496982082311,6.520575258284069,1.5477294251655462,-0.4488986205336484,1.1130166715041105
-2.4483499202766383,4.710788611773377,2.0026853407547787,3.0334101729480207,-0.21907153535589996,-4.519547092096324
-2.640335104241068,1.3905664711430696,2.298164865850559,3.357432628695583,4.2716025658119054,-6.1640343289938455
2.762918361903801,2.4804061713795518,1.465584016541032,3.1376232850134382,-0.8219880349727446,-6.530054267199451
-0.2504395907910918,1.9870266245170276,7.342874212949412,0.6298658351509565,-1.449198260846573,-10.932803845016373
0.3655487643428136,3.8965992904033766,7.396630004599355,1.531699545469859,1.2686582358289935,0.35408311484467453
0.42902453873263807,2.5698173294053412,3.686138542022623,2.835060448843809,6.372746099344257,-4.168286113644107
0.47014902915523293,2.2719753299018244,4.198212847290999,2.6373809157536967,2.8433299716229103,1.608362887365866
3.0276297941366055,7.34246248902566,1.5698078728437297,3.381601134430205,3.682336265198793,3.977645246419719
-2.792486821502556,7.031196896576592,7.978924006865424,3.276283659968913,2.797061834054216,-1.9701239089645877
-2.054022323662166,0.7911895897855936,-1.0065132927095803,3.7194820028465037,3.1759527598104014,-1.8514795959783783
-0.4070336702611364,5.344819880612385,8.971291409787773,1.1496060020051644,1.8792291310644804,-3.2359167862837284
-0.8172105098708004,3.307088578780717,2.84626242767278,3.9488287279423497,-0.2494136820677746,-2.0188672745570138
-0.7171170030602303,-0.7746298224021106,4.487727035658267,2.3675464510018194,-0.864898142277462,-0.13888397939844077
-1.095642176182515,1.6717943302812253,2.0852813179657383,1.5790683194798962,3.961781227627781,-1.5891799249941951
-0.003619357203904938,-3.1172498531443273,2.8088929201060098,5.098096717474823,0.32015875997181886,-2.468528327805229
1.4570827752733115,2.895222406547333,3.5464637641476626,4.174280350791531,2.4193699091932674,0.30666086567613693
2.6633965914391693,2.275148552145505,1.3594114199613994,3.1390855875152024,2.437854046057959,0.33032857302247265
-1.3246899908899032,6.662751909133712,0.7608763054970413,3.7498041878060433,2.697715248697773,-6.0539851212111415
2.6778006587353183,3.6244200166188345,9.869615330504518,5.3438201137105095,0.11145525229518038,-3.632524673341612
2.0459113800583433,4.840131971543904,7.014337843600685,5.4809096136984286,2.387114620877049,-1.2522382492645536
-0.953557195803491,5.205506486132854,1.857473498001236,2.827919567215888,0.19701274470432772,2.508547804776469
0.8802905527310196,-1.5348944472785562,3.133380391335868,4.3609660770330825,3.9353306599066924,-3.37039947081898
-1.5682376575371062,1.9615363569635775,7.507250447220048,3.095704296146304,1.9433730685602033,-4.384402608030496
-2.051190139599883,4.66287728962383,8.569414266901035,1.29527755660953,2.4020726472813303,-2.7682400954854907
-0.7683942290194998,0.8660563867871396,7.561402049847743,2.203778853588138,1.7568631678913986,0.1939396981676803
-0.8289319013788136,5.206956194594635,0.6064280136900714,-0.05262136106505633,3.5860851887481138,3.4886464966155764
-0.9826056794868204,3.171336455051387,-1.386157944105238,2.768688084894502,-0.905866901393003,-7.1090001286683595
0.6261352625438047,1.596837508352079,9.44903023127924,2.877245624543093,-0.40613639075242813,-4.107676752327009
1.1723076484707335,4.800705167667891,6.099352881772324,2.3433104207327373,0.484876230619534,-0.9647175483100687
-0.16692026748723365,8.300773654917949,8.2327129097748,4.292450923077752,0.28271757910790907,-3.24654670128893
1.6582597291725587,4.724942625438109,8.637896738166829,3.7686083347557426,2.8552719045048898,0.21872319767676274
-4.238805747737996,2.5014412793903142,5.71327882523876,2.2727827215619136,3.4422749663654097,-3.266140050739514
-0.026033922500163148,2.6072557593371286,2.308260840562492,1.9913102527404256,-0.8107487140084582,-4.790631926326155
0.5741191820732374,1.1786073066525493,-0.15660069663278797,4.025637459006767,1.5433327884334946,-2.074977773598205
-0.581058013669461,4.56843742845521,1.2843244495192314,1.959948999807979,2.756467327139422,-4.3213642802324035
-0.5276996363235568,1.6896582022162674,4.217831879512215,2.258624689267403,0.846592085743584,1.9331075451374387
-1.2833868385836102,3.5507887280637322,1.4901414622357168,2.6051665533987935,2.8423650565354253,-0.1774053754843512
-0.16316098103549015,2.5734532122613403,2.9259240402352105,1.2493052424855602,1.2994111936712196,-1.806848344842099
2.04355967998564,2.900488459296974,0.7871917385183953,4.926414944168256,0.8295602302693027,-1.123552985255609
-0.9560033758857417,2.9175128034074382,1.962626140201387,1.4513807517372401,1.482187999042082,3.4663372139467477
-0.15922660104411296,6.560948164033483,3.632771009669505,5.878610588639212,2.867470996802087,-4.7337300989486915
-1.36941471670979,1.759394734809666,-1.8361744644324978,3.89264172283956,0.46808845551631795,-0.43218520210780415
0.4663399919457071,2.7662645274311535,1.594734007316916,3.007385354000429,1.1381685609973862,-4.1906886323714865
1.3272241004735836,2.097138880478571,8.361138472055627,4.268494124601023,1.8243761216462422,-5.48144922509851
1.3556886781579847,2.5748565522085958,7.777795337077099,4.00474092669158,3.673316752094235,-4.08667948259709
1.478395344530036,4.3011236170617435,3.5905256787817095,1.8276907921719943,-0.4826734263051057,1.524891664956384
